"","1","2","3"
"1",0.947958221903707,0.0502292808755193,0.0018124972207738
"2",0.894296336609094,0.0989623840762154,0.00674127931469026
"3",0.894296336609094,0.0989623840762154,0.00674127931469026
"4",0.77287635072957,0.208689792053008,0.0184338572174225
"5",0.77287635072957,0.208689792053008,0.0184338572174225
"6",0.77287635072957,0.208689792053008,0.0184338572174225
"7",0.851146337974333,0.136114188977777,0.0127394730478902
"8",0.851146337974333,0.136114188977777,0.0127394730478902
"9",0.77287635072957,0.208689792053008,0.0184338572174225
"10",0.851146337974333,0.136114188977777,0.0127394730478902
"11",0.851146337974333,0.136114188977777,0.0127394730478902
"12",0.77287635072957,0.208689792053008,0.0184338572174225
"13",0.695617892523656,0.271439095488439,0.032943011987905
"14",0.695617892523656,0.271439095488439,0.032943011987905
"15",0.695617892523656,0.271439095488439,0.032943011987905
"16",0.793132039129006,0.183296902546154,0.0235710583248405
"17",0.793132039129006,0.183296902546154,0.0235710583248405
"18",0.695617892523656,0.271439095488439,0.032943011987905
"19",0.793132039129006,0.183296902546154,0.0235710583248405
"20",0.793132039129006,0.183296902546154,0.0235710583248405
"21",0.695617892523656,0.271439095488439,0.032943011987905
"22",0.695617892523656,0.271439095488439,0.032943011987905
"23",0.793132039129006,0.183296902546154,0.0235710583248405
"24",0.695617892523656,0.271439095488439,0.032943011987905
"25",0.793132039129006,0.183296902546154,0.0235710583248405
"26",0.695617892523656,0.271439095488439,0.032943011987905
"27",0.695617892523656,0.271439095488439,0.032943011987905
"28",0.603156053812922,0.340127552242274,0.0567163939448041
"29",0.603156053812922,0.340127552242274,0.0567163939448041
"30",0.603156053812922,0.340127552242274,0.0567163939448041
"31",0.603156053812922,0.340127552242274,0.0567163939448041
"32",0.603156053812922,0.340127552242274,0.0567163939448041
"33",0.603156053812922,0.340127552242274,0.0567163939448041
"34",0.717880783019602,0.239757624720213,0.0423615922601844
"35",0.603156053812922,0.340127552242274,0.0567163939448041
"36",0.603156053812922,0.340127552242274,0.0567163939448041
"37",0.717880783019602,0.239757624720213,0.0423615922601844
"38",0.717880783019602,0.239757624720213,0.0423615922601844
"39",0.717880783019602,0.239757624720213,0.0423615922601844
"40",0.603156053812922,0.340127552242274,0.0567163939448041
"41",0.603156053812922,0.340127552242274,0.0567163939448041
"42",0.717880783019602,0.239757624720213,0.0423615922601844
"43",0.717880783019602,0.239757624720213,0.0423615922601844
"44",0.603156053812922,0.340127552242274,0.0567163939448041
"45",0.717880783019602,0.239757624720213,0.0423615922601844
"46",0.717880783019602,0.239757624720213,0.0423615922601844
"47",0.499589513032232,0.407132623080253,0.0932778638875152
"48",0.62507214457078,0.301689859344008,0.0732379960852127
"49",0.499589513032232,0.407132623080253,0.0932778638875152
"50",0.62507214457078,0.301689859344008,0.0732379960852127
"51",0.499589513032232,0.407132623080253,0.0932778638875152
"52",0.499589513032232,0.407132623080253,0.0932778638875152
"53",0.62507214457078,0.301689859344008,0.0732379960852127
"54",0.499589513032232,0.407132623080253,0.0932778638875152
"55",0.499589513032232,0.407132623080253,0.0932778638875152
"56",0.499589513032232,0.407132623080253,0.0932778638875152
"57",0.499589513032232,0.407132623080253,0.0932778638875152
"58",0.499589513032232,0.407132623080253,0.0932778638875152
"59",0.499589513032232,0.407132623080253,0.0932778638875152
"60",0.499589513032232,0.407132623080253,0.0932778638875152
"61",0.499589513032232,0.407132623080253,0.0932778638875152
"62",0.499589513032232,0.407132623080253,0.0932778638875152
"63",0.62507214457078,0.301689859344008,0.0732379960852127
"64",0.62507214457078,0.301689859344008,0.0732379960852127
"65",0.499589513032232,0.407132623080253,0.0932778638875152
"66",0.499589513032232,0.407132623080253,0.0932778638875152
"67",0.499589513032232,0.407132623080253,0.0932778638875152
"68",0.499589513032232,0.407132623080253,0.0932778638875152
"69",0.62507214457078,0.301689859344008,0.0732379960852127
"70",0.392399933535398,0.462127680188114,0.145472386276488
"71",0.518097312584506,0.361370231414134,0.12053245600136
"72",0.392399933535398,0.462127680188114,0.145472386276488
"73",0.392399933535398,0.462127680188114,0.145472386276488
"74",0.518097312584506,0.361370231414134,0.12053245600136
"75",0.392399933535398,0.462127680188114,0.145472386276488
"76",0.392399933535398,0.462127680188114,0.145472386276488
"77",0.518097312584506,0.361370231414134,0.12053245600136
"78",0.392399933535398,0.462127680188114,0.145472386276488
"79",0.392399933535398,0.462127680188114,0.145472386276488
"80",0.518097312584506,0.361370231414134,0.12053245600136
"81",0.518097312584506,0.361370231414134,0.12053245600136
"82",0.392399933535398,0.462127680188114,0.145472386276488
"83",0.518097312584506,0.361370231414134,0.12053245600136
"84",0.392399933535398,0.462127680188114,0.145472386276488
"85",0.518097312584506,0.361370231414134,0.12053245600136
"86",0.518097312584506,0.361370231414134,0.12053245600136
"87",0.392399933535398,0.462127680188114,0.145472386276488
"88",0.392399933535398,0.462127680188114,0.145472386276488
"89",0.518097312584506,0.361370231414134,0.12053245600136
"90",0.518097312584506,0.361370231414134,0.12053245600136
"91",0.518097312584506,0.361370231414134,0.12053245600136
"92",0.392399933535398,0.462127680188114,0.145472386276488
"93",0.392399933535398,0.462127680188114,0.145472386276488
"94",0.392399933535398,0.462127680188114,0.145472386276488
"95",0.518097312584506,0.361370231414134,0.12053245600136
"96",0.392399933535398,0.462127680188114,0.145472386276488
"97",0.392399933535398,0.462127680188114,0.145472386276488
"98",0.518097312584506,0.361370231414134,0.12053245600136
"99",0.392399933535398,0.462127680188114,0.145472386276488
"100",0.518097312584506,0.361370231414134,0.12053245600136
"101",0.392399933535398,0.462127680188114,0.145472386276488
"102",0.518097312584506,0.361370231414134,0.12053245600136
"103",0.518097312584506,0.361370231414134,0.12053245600136
"104",0.392399933535398,0.462127680188114,0.145472386276488
"105",0.392399933535398,0.462127680188114,0.145472386276488
"106",0.392399933535398,0.462127680188114,0.145472386276488
"107",0.518097312584506,0.361370231414134,0.12053245600136
"108",0.392399933535398,0.462127680188114,0.145472386276488
"109",0.392399933535398,0.462127680188114,0.145472386276488
"110",0.404872711183575,0.408103206898394,0.18702408191803
"111",0.290863468817917,0.495031350409019,0.214105180773064
"112",0.290863468817917,0.495031350409019,0.214105180773064
"113",0.404872711183575,0.408103206898394,0.18702408191803
"114",0.404872711183575,0.408103206898394,0.18702408191803
"115",0.290863468817917,0.495031350409019,0.214105180773064
"116",0.290863468817917,0.495031350409019,0.214105180773064
"117",0.290863468817917,0.495031350409019,0.214105180773064
"118",0.404872711183575,0.408103206898394,0.18702408191803
"119",0.290863468817917,0.495031350409019,0.214105180773064
"120",0.290863468817917,0.495031350409019,0.214105180773064
"121",0.290863468817917,0.495031350409019,0.214105180773064
"122",0.290863468817917,0.495031350409019,0.214105180773064
"123",0.404872711183575,0.408103206898394,0.18702408191803
"124",0.290863468817917,0.495031350409019,0.214105180773064
"125",0.290863468817917,0.495031350409019,0.214105180773064
"126",0.290863468817917,0.495031350409019,0.214105180773064
"127",0.290863468817917,0.495031350409019,0.214105180773064
"128",0.290863468817917,0.495031350409019,0.214105180773064
"129",0.290863468817917,0.495031350409019,0.214105180773064
"130",0.290863468817917,0.495031350409019,0.214105180773064
"131",0.290863468817917,0.495031350409019,0.214105180773064
"132",0.290863468817917,0.495031350409019,0.214105180773064
"133",0.290863468817917,0.495031350409019,0.214105180773064
"134",0.290863468817917,0.495031350409019,0.214105180773064
"135",0.404872711183575,0.408103206898394,0.18702408191803
"136",0.290863468817917,0.495031350409019,0.214105180773064
"137",0.290863468817917,0.495031350409019,0.214105180773064
"138",0.290863468817917,0.495031350409019,0.214105180773064
"139",0.290863468817917,0.495031350409019,0.214105180773064
"140",0.290863468817917,0.495031350409019,0.214105180773064
"141",0.290863468817917,0.495031350409019,0.214105180773064
"142",0.290863468817917,0.495031350409019,0.214105180773064
"143",0.404872711183575,0.408103206898394,0.18702408191803
"144",0.290863468817917,0.495031350409019,0.214105180773064
"145",0.404872711183575,0.408103206898394,0.18702408191803
"146",0.290863468817917,0.495031350409019,0.214105180773064
"147",0.290863468817917,0.495031350409019,0.214105180773064
"148",0.290863468817917,0.495031350409019,0.214105180773064
"149",0.290863468817917,0.495031350409019,0.214105180773064
"150",0.404872711183575,0.408103206898394,0.18702408191803
"151",0.404872711183575,0.408103206898394,0.18702408191803
"152",0.290863468817917,0.495031350409019,0.214105180773064
"153",0.290863468817917,0.495031350409019,0.214105180773064
"154",0.290863468817917,0.495031350409019,0.214105180773064
"155",0.290863468817917,0.495031350409019,0.214105180773064
"156",0.290863468817917,0.495031350409019,0.214105180773064
"157",0.290863468817917,0.495031350409019,0.214105180773064
"158",0.290863468817917,0.495031350409019,0.214105180773064
"159",0.404872711183575,0.408103206898394,0.18702408191803
"160",0.404872711183575,0.408103206898394,0.18702408191803
"161",0.404872711183575,0.408103206898394,0.18702408191803
"162",0.404872711183575,0.408103206898394,0.18702408191803
"163",0.290863468817917,0.495031350409019,0.214105180773064
"164",0.404872711183575,0.408103206898394,0.18702408191803
"165",0.404872711183575,0.408103206898394,0.18702408191803
"166",0.290863468817917,0.495031350409019,0.214105180773064
"167",0.290863468817917,0.495031350409019,0.214105180773064
"168",0.290863468817917,0.495031350409019,0.214105180773064
"169",0.290863468817917,0.495031350409019,0.214105180773064
"170",0.290863468817917,0.495031350409019,0.214105180773064
"171",0.290863468817917,0.495031350409019,0.214105180773064
"172",0.290863468817917,0.495031350409019,0.214105180773064
"173",0.404872711183575,0.408103206898394,0.18702408191803
"174",0.290863468817917,0.495031350409019,0.214105180773064
"175",0.290863468817917,0.495031350409019,0.214105180773064
"176",0.290863468817917,0.495031350409019,0.214105180773064
"177",0.404872711183575,0.408103206898394,0.18702408191803
"178",0.290863468817917,0.495031350409019,0.214105180773064
"179",0.404872711183575,0.408103206898394,0.18702408191803
"180",0.290863468817917,0.495031350409019,0.214105180773064
"181",0.290863468817917,0.495031350409019,0.214105180773064
"182",0.290863468817917,0.495031350409019,0.214105180773064
"183",0.290863468817917,0.495031350409019,0.214105180773064
"184",0.290863468817917,0.495031350409019,0.214105180773064
"185",0.290863468817917,0.495031350409019,0.214105180773064
"186",0.404872711183575,0.408103206898394,0.18702408191803
"187",0.290863468817917,0.495031350409019,0.214105180773064
"188",0.290863468817917,0.495031350409019,0.214105180773064
"189",0.290863468817917,0.495031350409019,0.214105180773064
"190",0.290863468817917,0.495031350409019,0.214105180773064
"191",0.290863468817917,0.495031350409019,0.214105180773064
"192",0.290863468817917,0.495031350409019,0.214105180773064
"193",0.404872711183575,0.408103206898394,0.18702408191803
"194",0.290863468817917,0.495031350409019,0.214105180773064
"195",0.404872711183575,0.408103206898394,0.18702408191803
"196",0.290863468817917,0.495031350409019,0.214105180773064
"197",0.290863468817917,0.495031350409019,0.214105180773064
"198",0.290863468817917,0.495031350409019,0.214105180773064
"199",0.290863468817917,0.495031350409019,0.214105180773064
"200",0.290863468817917,0.495031350409019,0.214105180773064
"201",0.290863468817917,0.495031350409019,0.214105180773064
"202",0.290863468817917,0.495031350409019,0.214105180773064
"203",0.290863468817917,0.495031350409019,0.214105180773064
"204",0.404872711183575,0.408103206898394,0.18702408191803
"205",0.290863468817917,0.495031350409019,0.214105180773064
"206",0.290863468817917,0.495031350409019,0.214105180773064
"207",0.404872711183575,0.408103206898394,0.18702408191803
"208",0.290863468817917,0.495031350409019,0.214105180773064
"209",0.404872711183575,0.408103206898394,0.18702408191803
"210",0.404872711183575,0.408103206898394,0.18702408191803
"211",0.290863468817917,0.495031350409019,0.214105180773064
"212",0.404872711183575,0.408103206898394,0.18702408191803
"213",0.404872711183575,0.408103206898394,0.18702408191803
"214",0.290863468817917,0.495031350409019,0.214105180773064
"215",0.290863468817917,0.495031350409019,0.214105180773064
"216",0.404872711183575,0.408103206898394,0.18702408191803
"217",0.290863468817917,0.495031350409019,0.214105180773064
"218",0.404872711183575,0.408103206898394,0.18702408191803
"219",0.290863468817917,0.495031350409019,0.214105180773064
"220",0.290863468817917,0.495031350409019,0.214105180773064
"221",0.290863468817917,0.495031350409019,0.214105180773064
"222",0.404872711183575,0.408103206898394,0.18702408191803
"223",0.404872711183575,0.408103206898394,0.18702408191803
"224",0.404872711183575,0.408103206898394,0.18702408191803
"225",0.290863468817917,0.495031350409019,0.214105180773064
"226",0.290863468817917,0.495031350409019,0.214105180773064
"227",0.404872711183575,0.408103206898394,0.18702408191803
"228",0.404872711183575,0.408103206898394,0.18702408191803
"229",0.290863468817917,0.495031350409019,0.214105180773064
"230",0.404872711183575,0.408103206898394,0.18702408191803
"231",0.290863468817917,0.495031350409019,0.214105180773064
"232",0.290863468817917,0.495031350409019,0.214105180773064
"233",0.290863468817917,0.495031350409019,0.214105180773064
"234",0.404872711183575,0.408103206898394,0.18702408191803
"235",0.404872711183575,0.408103206898394,0.18702408191803
"236",0.290863468817917,0.495031350409019,0.214105180773064
"237",0.404872711183575,0.408103206898394,0.18702408191803
"238",0.290863468817917,0.495031350409019,0.214105180773064
"239",0.404872711183575,0.408103206898394,0.18702408191803
"240",0.290863468817917,0.495031350409019,0.214105180773064
"241",0.290863468817917,0.495031350409019,0.214105180773064
"242",0.290863468817917,0.495031350409019,0.214105180773064
"243",0.290863468817917,0.495031350409019,0.214105180773064
"244",0.404872711183575,0.408103206898394,0.18702408191803
"245",0.404872711183575,0.408103206898394,0.18702408191803
"246",0.404872711183575,0.408103206898394,0.18702408191803
"247",0.290863468817917,0.495031350409019,0.214105180773064
"248",0.290863468817917,0.495031350409019,0.214105180773064
"249",0.290863468817917,0.495031350409019,0.214105180773064
"250",0.404872711183575,0.408103206898394,0.18702408191803
"251",0.404872711183575,0.408103206898394,0.18702408191803
"252",0.290863468817917,0.495031350409019,0.214105180773064
"253",0.290863468817917,0.495031350409019,0.214105180773064
"254",0.404872711183575,0.408103206898394,0.18702408191803
"255",0.290863468817917,0.495031350409019,0.214105180773064
"256",0.290863468817917,0.495031350409019,0.214105180773064
"257",0.404872711183575,0.408103206898394,0.18702408191803
"258",0.290863468817917,0.495031350409019,0.214105180773064
"259",0.290863468817917,0.495031350409019,0.214105180773064
"260",0.290863468817917,0.495031350409019,0.214105180773064
"261",0.404872711183575,0.408103206898394,0.18702408191803
"262",0.404872711183575,0.408103206898394,0.18702408191803
"263",0.404872711183575,0.408103206898394,0.18702408191803
"264",0.290863468817917,0.495031350409019,0.214105180773064
"265",0.290863468817917,0.495031350409019,0.214105180773064
"266",0.404872711183575,0.408103206898394,0.18702408191803
"267",0.404872711183575,0.408103206898394,0.18702408191803
"268",0.290863468817917,0.495031350409019,0.214105180773064
"269",0.290863468817917,0.495031350409019,0.214105180773064
"270",0.290863468817917,0.495031350409019,0.214105180773064
"271",0.290863468817917,0.495031350409019,0.214105180773064
"272",0.290863468817917,0.495031350409019,0.214105180773064
"273",0.404872711183575,0.408103206898394,0.18702408191803
"274",0.290863468817917,0.495031350409019,0.214105180773064
"275",0.290863468817917,0.495031350409019,0.214105180773064
"276",0.290863468817917,0.495031350409019,0.214105180773064
"277",0.290863468817917,0.495031350409019,0.214105180773064
"278",0.404872711183575,0.408103206898394,0.18702408191803
"279",0.290863468817917,0.495031350409019,0.214105180773064
"280",0.404872711183575,0.408103206898394,0.18702408191803
"281",0.290863468817917,0.495031350409019,0.214105180773064
"282",0.404872711183575,0.408103206898394,0.18702408191803
"283",0.404872711183575,0.408103206898394,0.18702408191803
"284",0.290863468817917,0.495031350409019,0.214105180773064
"285",0.290863468817917,0.495031350409019,0.214105180773064
"286",0.290863468817917,0.495031350409019,0.214105180773064
"287",0.404872711183575,0.408103206898394,0.18702408191803
"288",0.404872711183575,0.408103206898394,0.18702408191803
"289",0.290863468817917,0.495031350409019,0.214105180773064
"290",0.404872711183575,0.408103206898394,0.18702408191803
"291",0.290863468817917,0.495031350409019,0.214105180773064
"292",0.404872711183575,0.408103206898394,0.18702408191803
"293",0.404872711183575,0.408103206898394,0.18702408191803
"294",0.404872711183575,0.408103206898394,0.18702408191803
"295",0.290863468817917,0.495031350409019,0.214105180773064
"296",0.290863468817917,0.495031350409019,0.214105180773064
"297",0.290863468817917,0.495031350409019,0.214105180773064
"298",0.290863468817917,0.495031350409019,0.214105180773064
"299",0.404872711183575,0.408103206898394,0.18702408191803
"300",0.290863468817917,0.495031350409019,0.214105180773064
"301",0.290863468817917,0.495031350409019,0.214105180773064
"302",0.290863468817917,0.495031350409019,0.214105180773064
"303",0.290863468817917,0.495031350409019,0.214105180773064
"304",0.290863468817917,0.495031350409019,0.214105180773064
"305",0.290863468817917,0.495031350409019,0.214105180773064
"306",0.290863468817917,0.495031350409019,0.214105180773064
"307",0.290863468817917,0.495031350409019,0.214105180773064
"308",0.290863468817917,0.495031350409019,0.214105180773064
"309",0.290863468817917,0.495031350409019,0.214105180773064
"310",0.290863468817917,0.495031350409019,0.214105180773064
"311",0.404872711183575,0.408103206898394,0.18702408191803
"312",0.404872711183575,0.408103206898394,0.18702408191803
"313",0.404872711183575,0.408103206898394,0.18702408191803
"314",0.404872711183575,0.408103206898394,0.18702408191803
"315",0.404872711183575,0.408103206898394,0.18702408191803
"316",0.290863468817917,0.495031350409019,0.214105180773064
"317",0.404872711183575,0.408103206898394,0.18702408191803
"318",0.290863468817917,0.495031350409019,0.214105180773064
"319",0.404872711183575,0.408103206898394,0.18702408191803
"320",0.404872711183575,0.408103206898394,0.18702408191803
"321",0.404872711183575,0.408103206898394,0.18702408191803
"322",0.404872711183575,0.408103206898394,0.18702408191803
"323",0.404872711183575,0.408103206898394,0.18702408191803
"324",0.290863468817917,0.495031350409019,0.214105180773064
"325",0.290863468817917,0.495031350409019,0.214105180773064
"326",0.404872711183575,0.408103206898394,0.18702408191803
"327",0.404872711183575,0.408103206898394,0.18702408191803
"328",0.290863468817917,0.495031350409019,0.214105180773064
"329",0.290863468817917,0.495031350409019,0.214105180773064
"330",0.404872711183575,0.408103206898394,0.18702408191803
"331",0.290863468817917,0.495031350409019,0.214105180773064
"332",0.290863468817917,0.495031350409019,0.214105180773064
"333",0.404872711183575,0.408103206898394,0.18702408191803
"334",0.290863468817917,0.495031350409019,0.214105180773064
"335",0.290863468817917,0.495031350409019,0.214105180773064
"336",0.404872711183575,0.408103206898394,0.18702408191803
"337",0.290863468817917,0.495031350409019,0.214105180773064
"338",0.404872711183575,0.408103206898394,0.18702408191803
"339",0.404872711183575,0.408103206898394,0.18702408191803
"340",0.404872711183575,0.408103206898394,0.18702408191803
"341",0.290863468817917,0.495031350409019,0.214105180773064
"342",0.290863468817917,0.495031350409019,0.214105180773064
"343",0.290863468817917,0.495031350409019,0.214105180773064
"344",0.290863468817917,0.495031350409019,0.214105180773064
"345",0.404872711183575,0.408103206898394,0.18702408191803
"346",0.404872711183575,0.408103206898394,0.18702408191803
"347",0.404872711183575,0.408103206898394,0.18702408191803
"348",0.290863468817917,0.495031350409019,0.214105180773064
"349",0.290863468817917,0.495031350409019,0.214105180773064
"350",0.290863468817917,0.495031350409019,0.214105180773064
"351",0.290863468817917,0.495031350409019,0.214105180773064
"352",0.404872711183575,0.408103206898394,0.18702408191803
"353",0.404872711183575,0.408103206898394,0.18702408191803
"354",0.290863468817917,0.495031350409019,0.214105180773064
"355",0.290863468817917,0.495031350409019,0.214105180773064
"356",0.290863468817917,0.495031350409019,0.214105180773064
"357",0.290863468817917,0.495031350409019,0.214105180773064
"358",0.290863468817917,0.495031350409019,0.214105180773064
"359",0.290863468817917,0.495031350409019,0.214105180773064
"360",0.290863468817917,0.495031350409019,0.214105180773064
"361",0.290863468817917,0.495031350409019,0.214105180773064
"362",0.404872711183575,0.408103206898394,0.18702408191803
"363",0.290863468817917,0.495031350409019,0.214105180773064
"364",0.290863468817917,0.495031350409019,0.214105180773064
"365",0.404872711183575,0.408103206898394,0.18702408191803
"366",0.404872711183575,0.408103206898394,0.18702408191803
"367",0.404872711183575,0.408103206898394,0.18702408191803
"368",0.290863468817917,0.495031350409019,0.214105180773064
"369",0.290863468817917,0.495031350409019,0.214105180773064
"370",0.404872711183575,0.408103206898394,0.18702408191803
"371",0.404872711183575,0.408103206898394,0.18702408191803
"372",0.290863468817917,0.495031350409019,0.214105180773064
"373",0.404872711183575,0.408103206898394,0.18702408191803
"374",0.290863468817917,0.495031350409019,0.214105180773064
"375",0.404872711183575,0.408103206898394,0.18702408191803
"376",0.290863468817917,0.495031350409019,0.214105180773064
"377",0.290863468817917,0.495031350409019,0.214105180773064
"378",0.290863468817917,0.495031350409019,0.214105180773064
"379",0.290863468817917,0.495031350409019,0.214105180773064
"380",0.290863468817917,0.495031350409019,0.214105180773064
"381",0.404872711183575,0.408103206898394,0.18702408191803
"382",0.404872711183575,0.408103206898394,0.18702408191803
"383",0.290863468817917,0.495031350409019,0.214105180773064
"384",0.290863468817917,0.495031350409019,0.214105180773064
"385",0.290863468817917,0.495031350409019,0.214105180773064
"386",0.290863468817917,0.495031350409019,0.214105180773064
"387",0.404872711183575,0.408103206898394,0.18702408191803
"388",0.290863468817917,0.495031350409019,0.214105180773064
"389",0.404872711183575,0.408103206898394,0.18702408191803
"390",0.290863468817917,0.495031350409019,0.214105180773064
"391",0.404872711183575,0.408103206898394,0.18702408191803
"392",0.290863468817917,0.495031350409019,0.214105180773064
"393",0.404872711183575,0.408103206898394,0.18702408191803
"394",0.290863468817917,0.495031350409019,0.214105180773064
"395",0.404872711183575,0.408103206898394,0.18702408191803
"396",0.290863468817917,0.495031350409019,0.214105180773064
"397",0.404872711183575,0.408103206898394,0.18702408191803
"398",0.290863468817917,0.495031350409019,0.214105180773064
"399",0.290863468817917,0.495031350409019,0.214105180773064
"400",0.404872711183575,0.408103206898394,0.18702408191803
"401",0.404872711183575,0.408103206898394,0.18702408191803
"402",0.290863468817917,0.495031350409019,0.214105180773064
"403",0.290863468817917,0.495031350409019,0.214105180773064
"404",0.290863468817917,0.495031350409019,0.214105180773064
"405",0.290863468817917,0.495031350409019,0.214105180773064
"406",0.290863468817917,0.495031350409019,0.214105180773064
"407",0.290863468817917,0.495031350409019,0.214105180773064
"408",0.404872711183575,0.408103206898394,0.18702408191803
"409",0.404872711183575,0.408103206898394,0.18702408191803
"410",0.290863468817917,0.495031350409019,0.214105180773064
"411",0.290863468817917,0.495031350409019,0.214105180773064
"412",0.290863468817917,0.495031350409019,0.214105180773064
"413",0.290863468817917,0.495031350409019,0.214105180773064
"414",0.404872711183575,0.408103206898394,0.18702408191803
"415",0.290863468817917,0.495031350409019,0.214105180773064
"416",0.290863468817917,0.495031350409019,0.214105180773064
"417",0.290863468817917,0.495031350409019,0.214105180773064
"418",0.290863468817917,0.495031350409019,0.214105180773064
"419",0.290863468817917,0.495031350409019,0.214105180773064
"420",0.290863468817917,0.495031350409019,0.214105180773064
"421",0.290863468817917,0.495031350409019,0.214105180773064
"422",0.290863468817917,0.495031350409019,0.214105180773064
"423",0.290863468817917,0.495031350409019,0.214105180773064
"424",0.290863468817917,0.495031350409019,0.214105180773064
"425",0.290863468817917,0.495031350409019,0.214105180773064
"426",0.290863468817917,0.495031350409019,0.214105180773064
"427",0.290863468817917,0.495031350409019,0.214105180773064
"428",0.404872711183575,0.408103206898394,0.18702408191803
"429",0.290863468817917,0.495031350409019,0.214105180773064
"430",0.404872711183575,0.408103206898394,0.18702408191803
"431",0.404872711183575,0.408103206898394,0.18702408191803
"432",0.290863468817917,0.495031350409019,0.214105180773064
"433",0.404872711183575,0.408103206898394,0.18702408191803
"434",0.404872711183575,0.408103206898394,0.18702408191803
"435",0.404872711183575,0.408103206898394,0.18702408191803
"436",0.404872711183575,0.408103206898394,0.18702408191803
"437",0.404872711183575,0.408103206898394,0.18702408191803
"438",0.290863468817917,0.495031350409019,0.214105180773064
"439",0.290863468817917,0.495031350409019,0.214105180773064
"440",0.290863468817917,0.495031350409019,0.214105180773064
"441",0.404872711183575,0.408103206898394,0.18702408191803
"442",0.290863468817917,0.495031350409019,0.214105180773064
"443",0.203205505225426,0.499792185632847,0.297002309141726
"444",0.203205505225426,0.499792185632847,0.297002309141726
"445",0.203205505225426,0.499792185632847,0.297002309141726
"446",0.296395051877356,0.431750568481525,0.271854379641119
"447",0.203205505225426,0.499792185632847,0.297002309141726
"448",0.296395051877356,0.431750568481525,0.271854379641119
"449",0.203205505225426,0.499792185632847,0.297002309141726
"450",0.203205505225426,0.499792185632847,0.297002309141726
"451",0.296395051877356,0.431750568481525,0.271854379641119
"452",0.203205505225426,0.499792185632847,0.297002309141726
"453",0.296395051877356,0.431750568481525,0.271854379641119
"454",0.203205505225426,0.499792185632847,0.297002309141726
"455",0.203205505225426,0.499792185632847,0.297002309141726
"456",0.203205505225426,0.499792185632847,0.297002309141726
"457",0.203205505225426,0.499792185632847,0.297002309141726
"458",0.296395051877356,0.431750568481525,0.271854379641119
"459",0.203205505225426,0.499792185632847,0.297002309141726
"460",0.296395051877356,0.431750568481525,0.271854379641119
"461",0.203205505225426,0.499792185632847,0.297002309141726
"462",0.296395051877356,0.431750568481525,0.271854379641119
"463",0.296395051877356,0.431750568481525,0.271854379641119
"464",0.296395051877356,0.431750568481525,0.271854379641119
"465",0.203205505225426,0.499792185632847,0.297002309141726
"466",0.203205505225426,0.499792185632847,0.297002309141726
"467",0.203205505225426,0.499792185632847,0.297002309141726
"468",0.203205505225426,0.499792185632847,0.297002309141726
"469",0.203205505225426,0.499792185632847,0.297002309141726
"470",0.203205505225426,0.499792185632847,0.297002309141726
"471",0.203205505225426,0.499792185632847,0.297002309141726
"472",0.296395051877356,0.431750568481525,0.271854379641119
"473",0.203205505225426,0.499792185632847,0.297002309141726
"474",0.203205505225426,0.499792185632847,0.297002309141726
"475",0.296395051877356,0.431750568481525,0.271854379641119
"476",0.296395051877356,0.431750568481525,0.271854379641119
"477",0.203205505225426,0.499792185632847,0.297002309141726
"478",0.203205505225426,0.499792185632847,0.297002309141726
"479",0.203205505225426,0.499792185632847,0.297002309141726
"480",0.203205505225426,0.499792185632847,0.297002309141726
"481",0.203205505225426,0.499792185632847,0.297002309141726
"482",0.203205505225426,0.499792185632847,0.297002309141726
"483",0.296395051877356,0.431750568481525,0.271854379641119
"484",0.296395051877356,0.431750568481525,0.271854379641119
"485",0.203205505225426,0.499792185632847,0.297002309141726
"486",0.203205505225426,0.499792185632847,0.297002309141726
"487",0.203205505225426,0.499792185632847,0.297002309141726
"488",0.203205505225426,0.499792185632847,0.297002309141726
"489",0.203205505225426,0.499792185632847,0.297002309141726
"490",0.296395051877356,0.431750568481525,0.271854379641119
"491",0.296395051877356,0.431750568481525,0.271854379641119
"492",0.203205505225426,0.499792185632847,0.297002309141726
"493",0.203205505225426,0.499792185632847,0.297002309141726
"494",0.296395051877356,0.431750568481525,0.271854379641119
"495",0.296395051877356,0.431750568481525,0.271854379641119
"496",0.296395051877356,0.431750568481525,0.271854379641119
"497",0.203205505225426,0.499792185632847,0.297002309141726
"498",0.134111648393792,0.476684422384474,0.389203929221734
"499",0.202993181573063,0.427320656335682,0.369686162091255
"500",0.134111648393792,0.476684422384474,0.389203929221734
"501",0.134111648393792,0.476684422384474,0.389203929221734
"502",0.202993181573063,0.427320656335682,0.369686162091255
"503",0.134111648393792,0.476684422384474,0.389203929221734
"504",0.134111648393792,0.476684422384474,0.389203929221734
"505",0.134111648393792,0.476684422384474,0.389203929221734
"506",0.202993181573063,0.427320656335682,0.369686162091255
"507",0.202993181573063,0.427320656335682,0.369686162091255
"508",0.202993181573063,0.427320656335682,0.369686162091255
"509",0.134111648393792,0.476684422384474,0.389203929221734
"510",0.134111648393792,0.476684422384474,0.389203929221734
"511",0.134111648393792,0.476684422384474,0.389203929221734
"512",0.134111648393792,0.476684422384474,0.389203929221734
"513",0.202993181573063,0.427320656335682,0.369686162091255
"514",0.202993181573063,0.427320656335682,0.369686162091255
"515",0.202993181573063,0.427320656335682,0.369686162091255
"516",0.134111648393792,0.476684422384474,0.389203929221734
"517",0.134111648393792,0.476684422384474,0.389203929221734
"518",0.134111648393792,0.476684422384474,0.389203929221734
"519",0.134111648393792,0.476684422384474,0.389203929221734
"520",0.202993181573063,0.427320656335682,0.369686162091255
"521",0.134111648393792,0.476684422384474,0.389203929221734
"522",0.134111648393792,0.476684422384474,0.389203929221734
"523",0.134111648393792,0.476684422384474,0.389203929221734
"524",0.202993181573063,0.427320656335682,0.369686162091255
"525",0.202993181573063,0.427320656335682,0.369686162091255
"526",0.202993181573063,0.427320656335682,0.369686162091255
"527",0.134111648393792,0.476684422384474,0.389203929221734
"528",0.202993181573063,0.427320656335682,0.369686162091255
"529",0.134111648393792,0.476684422384474,0.389203929221734
"530",0.202993181573063,0.427320656335682,0.369686162091255
"531",0.134111648393792,0.476684422384474,0.389203929221734
"532",0.202993181573063,0.427320656335682,0.369686162091255
"533",0.202993181573063,0.427320656335682,0.369686162091255
"534",0.202993181573063,0.427320656335682,0.369686162091255
"535",0.134111648393792,0.476684422384474,0.389203929221734
"536",0.202993181573063,0.427320656335682,0.369686162091255
"537",0.134111648393792,0.476684422384474,0.389203929221734
"538",0.134111648393792,0.476684422384474,0.389203929221734
"539",0.134111648393792,0.476684422384474,0.389203929221734
"540",0.134111648393792,0.476684422384474,0.389203929221734
"541",0.134111648393792,0.476684422384474,0.389203929221734
"542",0.134111648393792,0.476684422384474,0.389203929221734
"543",0.134111648393792,0.476684422384474,0.389203929221734
"544",0.134111648393792,0.476684422384474,0.389203929221734
"545",0.134111648393792,0.476684422384474,0.389203929221734
"546",0.202993181573063,0.427320656335682,0.369686162091255
"547",0.134111648393792,0.476684422384474,0.389203929221734
"548",0.134111648393792,0.476684422384474,0.389203929221734
"549",0.134111648393792,0.476684422384474,0.389203929221734
"550",0.134111648393792,0.476684422384474,0.389203929221734
"551",0.202993181573063,0.427320656335682,0.369686162091255
"552",0.134111648393792,0.476684422384474,0.389203929221734
"553",0.134111648393792,0.476684422384474,0.389203929221734
"554",0.134111648393792,0.476684422384474,0.389203929221734
"555",0.134111648393792,0.476684422384474,0.389203929221734
"556",0.134111648393792,0.476684422384474,0.389203929221734
"557",0.202993181573063,0.427320656335682,0.369686162091255
"558",0.134111648393792,0.476684422384474,0.389203929221734
"559",0.202993181573063,0.427320656335682,0.369686162091255
"560",0.202993181573063,0.427320656335682,0.369686162091255
"561",0.202993181573063,0.427320656335682,0.369686162091255
"562",0.0840413371764514,0.431685916648965,0.484272746174583
"563",0.0840413371764514,0.431685916648965,0.484272746174583
"564",0.130578193019616,0.397240534963223,0.472181272017161
"565",0.0840413371764514,0.431685916648965,0.484272746174583
"566",0.0840413371764514,0.431685916648965,0.484272746174583
"567",0.0840413371764514,0.431685916648965,0.484272746174583
"568",0.0840413371764514,0.431685916648965,0.484272746174583
"569",0.0840413371764514,0.431685916648965,0.484272746174583
"570",0.0840413371764514,0.431685916648965,0.484272746174583
"571",0.130578193019616,0.397240534963223,0.472181272017161
"572",0.130578193019616,0.397240534963223,0.472181272017161
"573",0.130578193019616,0.397240534963223,0.472181272017161
"574",0.0840413371764514,0.431685916648965,0.484272746174583
"575",0.0840413371764514,0.431685916648965,0.484272746174583
"576",0.0840413371764514,0.431685916648965,0.484272746174583
"577",0.0840413371764514,0.431685916648965,0.484272746174583
"578",0.130578193019616,0.397240534963223,0.472181272017161
"579",0.0840413371764514,0.431685916648965,0.484272746174583
"580",0.0840413371764514,0.431685916648965,0.484272746174583
"581",0.0840413371764514,0.431685916648965,0.484272746174583
"582",0.0840413371764514,0.431685916648965,0.484272746174583
"583",0.0840413371764514,0.431685916648965,0.484272746174583
"584",0.0840413371764514,0.431685916648965,0.484272746174583
"585",0.0840413371764514,0.431685916648965,0.484272746174583
"586",0.130578193019616,0.397240534963223,0.472181272017161
"587",0.130578193019616,0.397240534963223,0.472181272017161
"588",0.0840413371764514,0.431685916648965,0.484272746174583
"589",0.0840413371764514,0.431685916648965,0.484272746174583
"590",0.0840413371764514,0.431685916648965,0.484272746174583
"591",0.0840413371764514,0.431685916648965,0.484272746174583
"592",0.130578193019616,0.397240534963223,0.472181272017161
"593",0.130578193019616,0.397240534963223,0.472181272017161
"594",0.130578193019616,0.397240534963223,0.472181272017161
"595",0.130578193019616,0.397240534963223,0.472181272017161
"596",0.0840413371764514,0.431685916648965,0.484272746174583
"597",0.0795142534605596,0.349573382518372,0.570912364021069
"598",0.0503407723618924,0.373684658556988,0.575974569081119
"599",0.0795142534605596,0.349573382518372,0.570912364021069
"600",0.0503407723618924,0.373684658556988,0.575974569081119
"601",0.0795142534605596,0.349573382518372,0.570912364021069
"602",0.0503407723618924,0.373684658556988,0.575974569081119
"603",0.0503407723618924,0.373684658556988,0.575974569081119
"604",0.0795142534605596,0.349573382518372,0.570912364021069
"605",0.0503407723618924,0.373684658556988,0.575974569081119
"606",0.0503407723618924,0.373684658556988,0.575974569081119
"607",0.0503407723618924,0.373684658556988,0.575974569081119
"608",0.0503407723618924,0.373684658556988,0.575974569081119
"609",0.0503407723618924,0.373684658556988,0.575974569081119
"610",0.0503407723618924,0.373684658556988,0.575974569081119
"611",0.0503407723618924,0.373684658556988,0.575974569081119
"612",0.0503407723618924,0.373684658556988,0.575974569081119
"613",0.0503407723618924,0.373684658556988,0.575974569081119
"614",0.0503407723618924,0.373684658556988,0.575974569081119
"615",0.0503407723618924,0.373684658556988,0.575974569081119
"616",0.0503407723618924,0.373684658556988,0.575974569081119
"617",0.0795142534605596,0.349573382518372,0.570912364021069
"618",0.0795142534605596,0.349573382518372,0.570912364021069
"619",0.0503407723618924,0.373684658556988,0.575974569081119
"620",0.0795142534605596,0.349573382518372,0.570912364021069
"621",0.0503407723618924,0.373684658556988,0.575974569081119
"622",0.0503407723618924,0.373684658556988,0.575974569081119
"623",0.0795142534605596,0.349573382518372,0.570912364021069
"624",0.0503407723618924,0.373684658556988,0.575974569081119
"625",0.0503407723618924,0.373684658556988,0.575974569081119
"626",0.0503407723618924,0.373684658556988,0.575974569081119
"627",0.0503407723618924,0.373684658556988,0.575974569081119
"628",0.0503407723618924,0.373684658556988,0.575974569081119
"629",0.0503407723618924,0.373684658556988,0.575974569081119
"630",0.0795142534605596,0.349573382518372,0.570912364021069
"631",0.0503407723618924,0.373684658556988,0.575974569081119
"632",0.0795142534605596,0.349573382518372,0.570912364021069
"633",0.0795142534605596,0.349573382518372,0.570912364021069
"634",0.0795142534605596,0.349573382518372,0.570912364021069
"635",0.0503407723618924,0.373684658556988,0.575974569081119
"636",0.0795142534605596,0.349573382518372,0.570912364021069
"637",0.0503407723618924,0.373684658556988,0.575974569081119
"638",0.0795142534605596,0.349573382518372,0.570912364021069
"639",0.0795142534605596,0.349573382518372,0.570912364021069
"640",0.0503407723618924,0.373684658556988,0.575974569081119
"641",0.0795142534605596,0.349573382518372,0.570912364021069
"642",0.0795142534605596,0.349573382518372,0.570912364021069
"643",0.0795142534605596,0.349573382518372,0.570912364021069
"644",0.0503407723618924,0.373684658556988,0.575974569081119
"645",0.0503407723618924,0.373684658556988,0.575974569081119
"646",0.0503407723618924,0.373684658556988,0.575974569081119
"647",0.0503407723618924,0.373684658556988,0.575974569081119
"648",0.0503407723618924,0.373684658556988,0.575974569081119
"649",0.0795142534605596,0.349573382518372,0.570912364021069
"650",0.0503407723618924,0.373684658556988,0.575974569081119
"651",0.0795142534605596,0.349573382518372,0.570912364021069
"652",0.0503407723618924,0.373684658556988,0.575974569081119
"653",0.0503407723618924,0.373684658556988,0.575974569081119
"654",0.0503407723618924,0.373684658556988,0.575974569081119
"655",0.0795142534605596,0.349573382518372,0.570912364021069
"656",0.0795142534605596,0.349573382518372,0.570912364021069
"657",0.0795142534605596,0.349573382518372,0.570912364021069
"658",0.0503407723618924,0.373684658556988,0.575974569081119
"659",0.0795142534605596,0.349573382518372,0.570912364021069
"660",0.0503407723618924,0.373684658556988,0.575974569081119
"661",0.0795142534605596,0.349573382518372,0.570912364021069
"662",0.0503407723618924,0.373684658556988,0.575974569081119
"663",0.0503407723618924,0.373684658556988,0.575974569081119
"664",0.0503407723618924,0.373684658556988,0.575974569081119
"665",0.0795142534605596,0.349573382518372,0.570912364021069
"666",0.0503407723618924,0.373684658556988,0.575974569081119
"667",0.0503407723618924,0.373684658556988,0.575974569081119
"668",0.0503407723618924,0.373684658556988,0.575974569081119
"669",0.0503407723618924,0.373684658556988,0.575974569081119
"670",0.0503407723618924,0.373684658556988,0.575974569081119
"671",0.0795142534605596,0.349573382518372,0.570912364021069
"672",0.0503407723618924,0.373684658556988,0.575974569081119
"673",0.0795142534605596,0.349573382518372,0.570912364021069
"674",0.0795142534605596,0.349573382518372,0.570912364021069
"675",0.0503407723618924,0.373684658556988,0.575974569081119
"676",0.0503407723618924,0.373684658556988,0.575974569081119
"677",0.0795142534605596,0.349573382518372,0.570912364021069
"678",0.0503407723618924,0.373684658556988,0.575974569081119
"679",0.0503407723618924,0.373684658556988,0.575974569081119
"680",0.0503407723618924,0.373684658556988,0.575974569081119
"681",0.0503407723618924,0.373684658556988,0.575974569081119
"682",0.0290314371224733,0.311432832884018,0.659535729993509
"683",0.0290314371224733,0.311432832884018,0.659535729993509
"684",0.0462753081984853,0.294003945243985,0.659720746557529
"685",0.0290314371224733,0.311432832884018,0.659535729993509
"686",0.0290314371224733,0.311432832884018,0.659535729993509
"687",0.0290314371224733,0.311432832884018,0.659535729993509
"688",0.0462753081984853,0.294003945243985,0.659720746557529
"689",0.0290314371224733,0.311432832884018,0.659535729993509
"690",0.0290314371224733,0.311432832884018,0.659535729993509
"691",0.0290314371224733,0.311432832884018,0.659535729993509
"692",0.0290314371224733,0.311432832884018,0.659535729993509
"693",0.0290314371224733,0.311432832884018,0.659535729993509
"694",0.0290314371224733,0.311432832884018,0.659535729993509
"695",0.0290314371224733,0.311432832884018,0.659535729993509
"696",0.0462753081984853,0.294003945243985,0.659720746557529
"697",0.0290314371224733,0.311432832884018,0.659535729993509
"698",0.0462753081984853,0.294003945243985,0.659720746557529
"699",0.0290314371224733,0.311432832884018,0.659535729993509
"700",0.0290314371224733,0.311432832884018,0.659535729993509
"701",0.0290314371224733,0.311432832884018,0.659535729993509
"702",0.0462753081984853,0.294003945243985,0.659720746557529
"703",0.0290314371224733,0.311432832884018,0.659535729993509
"704",0.0259816304540796,0.238550706479832,0.735467663066089
"705",0.0162308858189734,0.251621965970888,0.732147148210139
"706",0.0259816304540796,0.238550706479832,0.735467663066089
"707",0.0259816304540796,0.238550706479832,0.735467663066089
"708",0.0162308858189734,0.251621965970888,0.732147148210139
"709",0.0259816304540796,0.238550706479832,0.735467663066089
"710",0.0162308858189734,0.251621965970888,0.732147148210139
"711",0.0259816304540796,0.238550706479832,0.735467663066089
"712",0.0162308858189734,0.251621965970888,0.732147148210139
"713",0.0162308858189734,0.251621965970888,0.732147148210139
"714",0.0162308858189734,0.251621965970888,0.732147148210139
"715",0.0259816304540796,0.238550706479832,0.735467663066089
"716",0.0259816304540796,0.238550706479832,0.735467663066089
"717",0.0259816304540796,0.238550706479832,0.735467663066089
"718",0.0162308858189734,0.251621965970888,0.732147148210139
"719",0.0259816304540796,0.238550706479832,0.735467663066089
"720",0.0162308858189734,0.251621965970888,0.732147148210139
"721",0.0259816304540796,0.238550706479832,0.735467663066089
"722",0.0162308858189734,0.251621965970888,0.732147148210139
"723",0.0259816304540796,0.238550706479832,0.735467663066089
"724",0.0259816304540796,0.238550706479832,0.735467663066089
"725",0.0259816304540796,0.238550706479832,0.735467663066089
"726",0.0162308858189734,0.251621965970888,0.732147148210139
"727",0.0259816304540796,0.238550706479832,0.735467663066089
"728",0.0259816304540796,0.238550706479832,0.735467663066089
"729",0.0162308858189734,0.251621965970888,0.732147148210139
"730",0.0259816304540796,0.238550706479832,0.735467663066089
"731",0.0162308858189734,0.251621965970888,0.732147148210139
"732",0.0259816304540796,0.238550706479832,0.735467663066089
"733",0.0259816304540796,0.238550706479832,0.735467663066089
"734",0.0162308858189734,0.251621965970888,0.732147148210139
"735",0.0162308858189734,0.251621965970888,0.732147148210139
